num_bytes, num_buffers, start_time, cpu_id, cpu_cycles, instructions, cache_ref, cache_miss, ref_cpu_cycles_, block_read, block_write, memory_b, elapsed_us
574331, 0, 247526726605, 191, 0, 0, 0, 0, 0, 0, 0, 0, 521
566182, 0, 247526715172, 191, 0, 0, 0, 0, 0, 0, 0, 0, 467
565764, 0, 247526703675, 191, 0, 0, 0, 0, 0, 0, 0, 0, 529
484893, 0, 247526691565, 191, 0, 0, 0, 0, 0, 0, 0, 0, 1164
561206, 0, 247526680854, 191, 0, 0, 0, 0, 0, 0, 0, 0, 483
502597, 0, 247526669063, 191, 0, 0, 0, 0, 0, 0, 0, 0, 821
454458, 0, 247526657797, 191, 0, 0, 0, 0, 0, 0, 0, 0, 449
154926, 5, 247526639872, 191, 0, 0, 0, 0, 0, 0, 0, 0, 6984
533935, 0, 247526842930, 191, 0, 0, 0, 0, 0, 0, 0, 0, 503
360806, 0, 247526828175, 191, 0, 0, 0, 0, 0, 0, 0, 0, 3761
432329, 0, 247526818308, 191, 0, 0, 0, 0, 0, 0, 0, 0, 421
481066, 0, 247526806732, 191, 0, 0, 0, 0, 0, 0, 0, 0, 609
552168, 0, 247526795302, 191, 0, 0, 0, 0, 0, 0, 0, 0, 519
565349, 0, 247526783843, 191, 0, 0, 0, 0, 0, 0, 0, 0, 490
570184, 0, 247526772412, 191, 0, 0, 0, 0, 0, 0, 0, 0, 465
565984, 0, 247526760937, 191, 0, 0, 0, 0, 0, 0, 0, 0, 513
561731, 0, 247526749518, 191, 0, 0, 0, 0, 0, 0, 0, 0, 455
444971, 0, 247526738108, 191, 0, 0, 0, 0, 0, 0, 0, 0, 431
321941, 0, 247526946694, 191, 0, 0, 0, 0, 0, 0, 0, 0, 415
499439, 1, 247526934359, 191, 0, 0, 0, 0, 0, 0, 0, 0, 1348
507283, 0, 247526922892, 191, 0, 0, 0, 0, 0, 0, 0, 0, 521
520651, 0, 247526911494, 191, 0, 0, 0, 0, 0, 0, 0, 0, 505
534381, 0, 247526900133, 191, 0, 0, 0, 0, 0, 0, 0, 0, 470
561350, 0, 247526888677, 191, 0, 0, 0, 0, 0, 0, 0, 0, 467
556835, 0, 247526877196, 191, 0, 0, 0, 0, 0, 0, 0, 0, 517
520493, 0, 247526865823, 191, 0, 0, 0, 0, 0, 0, 0, 0, 451
535700, 0, 247526854370, 191, 0, 0, 0, 0, 0, 0, 0, 0, 518
436245, 0, 247527061321, 191, 0, 0, 0, 0, 0, 0, 0, 0, 679
500901, 0, 247527049935, 191, 0, 0, 0, 0, 0, 0, 0, 0, 554
416568, 0, 247527038482, 191, 0, 0, 0, 0, 0, 0, 0, 0, 479
466155, 0, 247527027072, 191, 0, 0, 0, 0, 0, 0, 0, 0, 493
470778, 0, 247527015615, 191, 0, 0, 0, 0, 0, 0, 0, 0, 498
396260, 0, 247527004081, 191, 0, 0, 0, 0, 0, 0, 0, 0, 543
485168, 0, 247526992505, 191, 0, 0, 0, 0, 0, 0, 0, 0, 577
466063, 0, 247526981054, 191, 0, 0, 0, 0, 0, 0, 0, 0, 543
456205, 0, 247526969624, 191, 0, 0, 0, 0, 0, 0, 0, 0, 485
490613, 0, 247526958054, 191, 0, 0, 0, 0, 0, 0, 0, 0, 646
500734, 0, 247527176133, 191, 0, 0, 0, 0, 0, 0, 0, 0, 505
495373, 0, 247527164656, 191, 0, 0, 0, 0, 0, 0, 0, 0, 486
500594, 0, 247527153279, 191, 0, 0, 0, 0, 0, 0, 0, 0, 475
500643, 0, 247527141890, 191, 0, 0, 0, 0, 0, 0, 0, 0, 482
505694, 0, 247527130427, 191, 0, 0, 0, 0, 0, 0, 0, 0, 534
500925, 0, 247527118887, 191, 0, 0, 0, 0, 0, 0, 0, 0, 557
441445, 0, 247527107402, 191, 0, 0, 0, 0, 0, 0, 0, 0, 550
480695, 0, 247527095919, 191, 0, 0, 0, 0, 0, 0, 0, 0, 487
485555, 0, 247527084411, 191, 0, 0, 0, 0, 0, 0, 0, 0, 521
441040, 0, 247527072989, 191, 0, 0, 0, 0, 0, 0, 0, 0, 508
500859, 0, 247527279141, 191, 0, 0, 0, 0, 0, 0, 0, 0, 494
411339, 0, 247527267689, 191, 0, 0, 0, 0, 0, 0, 0, 0, 474
435640, 0, 247527256230, 191, 0, 0, 0, 0, 0, 0, 0, 0, 576
475675, 0, 247527244940, 191, 0, 0, 0, 0, 0, 0, 0, 0, 469
495519, 0, 247527233500, 191, 0, 0, 0, 0, 0, 0, 0, 0, 484
495825, 0, 247527221834, 191, 0, 0, 0, 0, 0, 0, 0, 0, 669
490632, 0, 247527210544, 191, 0, 0, 0, 0, 0, 0, 0, 0, 520
431342, 0, 247527199104, 191, 0, 0, 0, 0, 0, 0, 0, 0, 470
485942, 0, 247527187637, 191, 0, 0, 0, 0, 0, 0, 0, 0, 517
495968, 0, 247527395418, 191, 0, 0, 0, 0, 0, 0, 0, 0, 481
495914, 0, 247527384012, 191, 0, 0, 0, 0, 0, 0, 0, 0, 510
446142, 0, 247527372624, 191, 0, 0, 0, 0, 0, 0, 0, 0, 499
475758, 0, 247527361183, 191, 0, 0, 0, 0, 0, 0, 0, 0, 519
480952, 0, 247527349721, 191, 0, 0, 0, 0, 0, 0, 0, 0, 477
416349, 0, 247527338305, 191, 0, 0, 0, 0, 0, 0, 0, 0, 459
540422, 0, 247527324273, 191, 0, 0, 0, 0, 0, 0, 0, 0, 3075
495447, 0, 247527313359, 191, 0, 0, 0, 0, 0, 0, 0, 0, 471
495593, 0, 247527301948, 191, 0, 0, 0, 0, 0, 0, 0, 0, 520
471274, 0, 247527290501, 191, 0, 0, 0, 0, 0, 0, 0, 0, 531
431265, 0, 247527498620, 191, 0, 0, 0, 0, 0, 0, 0, 0, 439
500501, 0, 247527487151, 191, 0, 0, 0, 0, 0, 0, 0, 0, 518
475715, 0, 247527475356, 191, 0, 0, 0, 0, 0, 0, 0, 0, 906
485819, 0, 247527463989, 191, 0, 0, 0, 0, 0, 0, 0, 0, 493
496086, 0, 247527452593, 191, 0, 0, 0, 0, 0, 0, 0, 0, 438
466205, 0, 247527441094, 191, 0, 0, 0, 0, 0, 0, 0, 0, 520
456004, 0, 247527429703, 191, 0, 0, 0, 0, 0, 0, 0, 0, 497
490787, 0, 247527418227, 191, 0, 0, 0, 0, 0, 0, 0, 0, 525
495367, 0, 247527406873, 191, 0, 0, 0, 0, 0, 0, 0, 0, 417
490325, 0, 247527612714, 191, 0, 0, 0, 0, 0, 0, 0, 0, 495
495825, 0, 247527601273, 191, 0, 0, 0, 0, 0, 0, 0, 0, 507
342099, 0, 247527589811, 191, 0, 0, 0, 0, 0, 0, 0, 0, 479
361875, 0, 247527578332, 191, 0, 0, 0, 0, 0, 0, 0, 0, 552
440915, 0, 247527566905, 191, 0, 0, 0, 0, 0, 0, 0, 0, 634
460948, 0, 247527555592, 191, 0, 0, 0, 0, 0, 0, 0, 0, 467
465789, 0, 247527544216, 191, 0, 0, 0, 0, 0, 0, 0, 0, 478
475615, 0, 247527532792, 191, 0, 0, 0, 0, 0, 0, 0, 0, 475
480760, 0, 247527521420, 191, 0, 0, 0, 0, 0, 0, 0, 0, 485
485305, 0, 247527510012, 191, 0, 0, 0, 0, 0, 0, 0, 0, 484
490633, 0, 247527727321, 191, 0, 0, 0, 0, 0, 0, 0, 0, 517
475764, 0, 247527715937, 191, 0, 0, 0, 0, 0, 0, 0, 0, 502
461255, 0, 247527704387, 191, 0, 0, 0, 0, 0, 0, 0, 0, 647
495751, 0, 247527692924, 191, 0, 0, 0, 0, 0, 0, 0, 0, 481
460367, 0, 247527681448, 191, 0, 0, 0, 0, 0, 0, 0, 0, 535
456293, 0, 247527669990, 191, 0, 0, 0, 0, 0, 0, 0, 0, 584
495366, 0, 247527658494, 191, 0, 0, 0, 0, 0, 0, 0, 0, 521
485714, 0, 247527646922, 191, 0, 0, 0, 0, 0, 0, 0, 0, 610
495392, 0, 247527635530, 191, 0, 0, 0, 0, 0, 0, 0, 0, 483
495536, 0, 247527624144, 191, 0, 0, 0, 0, 0, 0, 0, 0, 473
490409, 0, 247527830498, 191, 0, 0, 0, 0, 0, 0, 0, 0, 500
495894, 0, 247527819031, 191, 0, 0, 0, 0, 0, 0, 0, 0, 530
490278, 0, 247527807542, 191, 0, 0, 0, 0, 0, 0, 0, 0, 606
495288, 0, 247527796068, 191, 0, 0, 0, 0, 0, 0, 0, 0, 505
490317, 0, 247527784643, 191, 0, 0, 0, 0, 0, 0, 0, 0, 506
480551, 0, 247527773188, 191, 0, 0, 0, 0, 0, 0, 0, 0, 518
490579, 0, 247527761791, 191, 0, 0, 0, 0, 0, 0, 0, 0, 514
490111, 0, 247527750277, 191, 0, 0, 0, 0, 0, 0, 0, 0, 516
450794, 0, 247527738813, 191, 0, 0, 0, 0, 0, 0, 0, 0, 482
530789, 0, 247527945263, 191, 0, 0, 0, 0, 0, 0, 0, 0, 509
460750, 0, 247527933813, 191, 0, 0, 0, 0, 0, 0, 0, 0, 494
460184, 0, 247527922325, 191, 0, 0, 0, 0, 0, 0, 0, 0, 561
460519, 0, 247527910810, 191, 0, 0, 0, 0, 0, 0, 0, 0, 523
480573, 0, 247527899297, 191, 0, 0, 0, 0, 0, 0, 0, 0, 549
490640, 0, 247527887798, 191, 0, 0, 0, 0, 0, 0, 0, 0, 528
485713, 0, 247527876296, 191, 0, 0, 0, 0, 0, 0, 0, 0, 520
470730, 0, 247527864865, 191, 0, 0, 0, 0, 0, 0, 0, 0, 524
490606, 0, 247527853426, 191, 0, 0, 0, 0, 0, 0, 0, 0, 504
490654, 0, 247527841951, 191, 0, 0, 0, 0, 0, 0, 0, 0, 504
506626, 0, 247528048729, 191, 0, 0, 0, 0, 0, 0, 0, 0, 599
581449, 0, 247528037264, 191, 0, 0, 0, 0, 0, 0, 0, 0, 531
540306, 0, 247528025849, 191, 0, 0, 0, 0, 0, 0, 0, 0, 480
543574, 0, 247528014184, 191, 0, 0, 0, 0, 0, 0, 0, 0, 697
603128, 0, 247528002676, 191, 0, 0, 0, 0, 0, 0, 0, 0, 567
606800, 0, 247527991217, 191, 0, 0, 0, 0, 0, 0, 0, 0, 500
583560, 0, 247527979706, 191, 0, 0, 0, 0, 0, 0, 0, 0, 534
607554, 0, 247527968210, 191, 0, 0, 0, 0, 0, 0, 0, 0, 503
604773, 0, 247527956726, 191, 0, 0, 0, 0, 0, 0, 0, 0, 511
580995, 0, 247528163869, 191, 0, 0, 0, 0, 0, 0, 0, 0, 632
586872, 0, 247528152416, 191, 0, 0, 0, 0, 0, 0, 0, 0, 522
603444, 0, 247528140906, 191, 0, 0, 0, 0, 0, 0, 0, 0, 533
534276, 0, 247528129352, 191, 0, 0, 0, 0, 0, 0, 0, 0, 570
574684, 0, 247528117749, 191, 0, 0, 0, 0, 0, 0, 0, 0, 602
533789, 0, 247528106277, 191, 0, 0, 0, 0, 0, 0, 0, 0, 553
568072, 0, 247528094876, 191, 0, 0, 0, 0, 0, 0, 0, 0, 485
559196, 0, 247528083345, 191, 0, 0, 0, 0, 0, 0, 0, 0, 538
556599, 0, 247528071864, 191, 0, 0, 0, 0, 0, 0, 0, 0, 543
553324, 0, 247528060293, 191, 0, 0, 0, 0, 0, 0, 0, 0, 634
506417, 0, 247528279179, 191, 0, 0, 0, 0, 0, 0, 0, 0, 677
552686, 0, 247528267637, 191, 0, 0, 0, 0, 0, 0, 0, 0, 574
540371, 0, 247528256183, 191, 0, 0, 0, 0, 0, 0, 0, 0, 556
545775, 0, 247528244697, 191, 0, 0, 0, 0, 0, 0, 0, 0, 596
575900, 0, 247528232979, 191, 0, 0, 0, 0, 0, 0, 0, 0, 772
578293, 0, 247528221515, 191, 0, 0, 0, 0, 0, 0, 0, 0, 578
588207, 0, 247528210060, 191, 0, 0, 0, 0, 0, 0, 0, 0, 537
515866, 0, 247528198585, 191, 0, 0, 0, 0, 0, 0, 0, 0, 498
538685, 0, 247528186687, 191, 0, 0, 0, 0, 0, 0, 0, 0, 1002
522332, 0, 247528175460, 191, 0, 0, 0, 0, 0, 0, 0, 0, 685
562461, 0, 247528395983, 191, 0, 0, 0, 0, 0, 0, 0, 0, 664
605703, 0, 247528384506, 191, 0, 0, 0, 0, 0, 0, 0, 0, 519
603072, 0, 247528373000, 191, 0, 0, 0, 0, 0, 0, 0, 0, 513
568423, 0, 247528361430, 191, 0, 0, 0, 0, 0, 0, 0, 0, 608
573130, 0, 247528349898, 191, 0, 0, 0, 0, 0, 0, 0, 0, 557
497890, 0, 247528338483, 191, 0, 0, 0, 0, 0, 0, 0, 0, 513
512825, 0, 247528323445, 191, 0, 0, 0, 0, 0, 0, 0, 0, 4067
562903, 0, 247528313622, 191, 0, 0, 0, 0, 0, 0, 0, 0, 551
571917, 0, 247528302247, 191, 0, 0, 0, 0, 0, 0, 0, 0, 478
511481, 0, 247528290821, 191, 0, 0, 0, 0, 0, 0, 0, 0, 489
548348, 0, 247528511078, 191, 0, 0, 0, 0, 0, 0, 0, 0, 542
593536, 0, 247528499529, 191, 0, 0, 0, 0, 0, 0, 0, 0, 581
593143, 0, 247528488089, 191, 0, 0, 0, 0, 0, 0, 0, 0, 498
605882, 0, 247528476568, 191, 0, 0, 0, 0, 0, 0, 0, 0, 533
593740, 0, 247528465117, 191, 0, 0, 0, 0, 0, 0, 0, 0, 455
551831, 0, 247528453691, 191, 0, 0, 0, 0, 0, 0, 0, 0, 455
528815, 0, 247528442113, 191, 0, 0, 0, 0, 0, 0, 0, 0, 599
553996, 0, 247528430665, 191, 0, 0, 0, 0, 0, 0, 0, 0, 487
505340, 0, 247528419145, 191, 0, 0, 0, 0, 0, 0, 0, 0, 542
492212, 0, 247528407618, 191, 0, 0, 0, 0, 0, 0, 0, 0, 626
584369, 0, 247528626807, 191, 0, 0, 0, 0, 0, 0, 0, 0, 577
555884, 0, 247528615201, 191, 0, 0, 0, 0, 0, 0, 0, 0, 670
436260, 0, 247528602085, 191, 0, 0, 0, 0, 0, 0, 0, 0, 2150
588069, 0, 247528591893, 191, 0, 0, 0, 0, 0, 0, 0, 0, 566
604193, 0, 247528580399, 191, 0, 0, 0, 0, 0, 0, 0, 0, 506
558958, 0, 247528568594, 191, 0, 0, 0, 0, 0, 0, 0, 0, 853
545995, 0, 247528557169, 191, 0, 0, 0, 0, 0, 0, 0, 0, 481
509551, 0, 247528545620, 191, 0, 0, 0, 0, 0, 0, 0, 0, 556
510770, 0, 247528534174, 191, 0, 0, 0, 0, 0, 0, 0, 0, 509
601313, 0, 247528522507, 191, 0, 0, 0, 0, 0, 0, 0, 0, 668
616207, 0, 247528741818, 191, 0, 0, 0, 0, 0, 0, 0, 0, 571
574082, 0, 247528730410, 191, 0, 0, 0, 0, 0, 0, 0, 0, 523
609040, 0, 247528718920, 191, 0, 0, 0, 0, 0, 0, 0, 0, 547
548626, 0, 247528707467, 191, 0, 0, 0, 0, 0, 0, 0, 0, 509
560896, 0, 247528695904, 191, 0, 0, 0, 0, 0, 0, 0, 0, 605
568615, 0, 247528684238, 191, 0, 0, 0, 0, 0, 0, 0, 0, 680
566382, 0, 247528672781, 191, 0, 0, 0, 0, 0, 0, 0, 0, 518
583987, 0, 247528661318, 191, 0, 0, 0, 0, 0, 0, 0, 0, 502
609706, 0, 247528649857, 191, 0, 0, 0, 0, 0, 0, 0, 0, 500
601768, 0, 247528638343, 191, 0, 0, 0, 0, 0, 0, 0, 0, 514
424990, 0, 247528854735, 191, 0, 0, 0, 0, 0, 0, 0, 0, 3524
544737, 0, 247528846220, 191, 0, 0, 0, 0, 0, 0, 0, 0, 562
606618, 0, 247528834775, 191, 0, 0, 0, 0, 0, 0, 0, 0, 532
540903, 0, 247528823323, 191, 0, 0, 0, 0, 0, 0, 0, 0, 492
526380, 0, 247528811717, 191, 0, 0, 0, 0, 0, 0, 0, 0, 620
606504, 0, 247528800103, 191, 0, 0, 0, 0, 0, 0, 0, 0, 660
589428, 0, 247528787928, 191, 0, 0, 0, 0, 0, 0, 0, 0, 1233
587172, 0, 247528776375, 191, 0, 0, 0, 0, 0, 0, 0, 0, 564
541118, 0, 247528764967, 191, 0, 0, 0, 0, 0, 0, 0, 0, 466
599390, 0, 247528753341, 191, 0, 0, 0, 0, 0, 0, 0, 0, 661
610199, 0, 247528973495, 191, 0, 0, 0, 0, 0, 0, 0, 0, 482
609126, 0, 247528961998, 191, 0, 0, 0, 0, 0, 0, 0, 0, 523
587263, 0, 247528950440, 191, 0, 0, 0, 0, 0, 0, 0, 0, 572
531334, 0, 247528938959, 191, 0, 0, 0, 0, 0, 0, 0, 0, 537
521926, 0, 247528927459, 191, 0, 0, 0, 0, 0, 0, 0, 0, 553
545248, 0, 247528915941, 191, 0, 0, 0, 0, 0, 0, 0, 0, 545
540820, 0, 247528903795, 191, 0, 0, 0, 0, 0, 0, 0, 0, 1257
572886, 0, 247528892182, 191, 0, 0, 0, 0, 0, 0, 0, 0, 640
600624, 0, 247528880704, 191, 0, 0, 0, 0, 0, 0, 0, 0, 553
556709, 0, 247528869241, 191, 0, 0, 0, 0, 0, 0, 0, 0, 483
605678, 0, 247529088421, 191, 0, 0, 0, 0, 0, 0, 0, 0, 631
607714, 0, 247529076940, 191, 0, 0, 0, 0, 0, 0, 0, 0, 549
568887, 0, 247529065426, 191, 0, 0, 0, 0, 0, 0, 0, 0, 528
565178, 0, 247529053895, 191, 0, 0, 0, 0, 0, 0, 0, 0, 543
571045, 0, 247529042294, 191, 0, 0, 0, 0, 0, 0, 0, 0, 603
569905, 0, 247529030820, 191, 0, 0, 0, 0, 0, 0, 0, 0, 565
598937, 0, 247529019342, 191, 0, 0, 0, 0, 0, 0, 0, 0, 504
600366, 0, 247529007889, 191, 0, 0, 0, 0, 0, 0, 0, 0, 513
564376, 0, 247528996394, 191, 0, 0, 0, 0, 0, 0, 0, 0, 497
598545, 0, 247528984963, 191, 0, 0, 0, 0, 0, 0, 0, 0, 473
229588, 1, 247529185061, 191, 0, 0, 0, 0, 0, 0, 0, 0, 4204
570207, 0, 247529180334, 191, 0, 0, 0, 0, 0, 0, 0, 0, 516
571189, 0, 247529168852, 191, 0, 0, 0, 0, 0, 0, 0, 0, 517
517937, 0, 247529157387, 191, 0, 0, 0, 0, 0, 0, 0, 0, 518
596151, 0, 247529145871, 191, 0, 0, 0, 0, 0, 0, 0, 0, 544
537988, 0, 247529134466, 191, 0, 0, 0, 0, 0, 0, 0, 0, 445
591414, 0, 247529122920, 191, 0, 0, 0, 0, 0, 0, 0, 0, 555
575465, 0, 247529111485, 191, 0, 0, 0, 0, 0, 0, 0, 0, 492
552694, 0, 247529100006, 191, 0, 0, 0, 0, 0, 0, 0, 0, 486
111022, 82, 247531187970, 191, 0, 0, 0, 0, 0, 0, 0, 0, 19305
301232, 221, 247531310614, 191, 0, 0, 0, 0, 0, 0, 0, 0, 449
148094, 99, 247531293442, 191, 0, 0, 0, 0, 0, 0, 0, 0, 6206
370932, 266, 247531286729, 191, 0, 0, 0, 0, 0, 0, 0, 0, 466
365656, 264, 247531275367, 191, 0, 0, 0, 0, 0, 0, 0, 0, 405
261258, 187, 247531263960, 191, 0, 0, 0, 0, 0, 0, 0, 0, 428
311955, 225, 247531252610, 191, 0, 0, 0, 0, 0, 0, 0, 0, 419
316401, 219, 247531241199, 191, 0, 0, 0, 0, 0, 0, 0, 0, 449
197337, 148, 247531229888, 191, 0, 0, 0, 0, 0, 0, 0, 0, 370
423673, 309, 247531218148, 191, 0, 0, 0, 0, 0, 0, 0, 0, 781
237074, 169, 247531426335, 191, 0, 0, 0, 0, 0, 0, 0, 0, 464
280972, 208, 247531414854, 191, 0, 0, 0, 0, 0, 0, 0, 0, 536
298350, 218, 247531403302, 191, 0, 0, 0, 0, 0, 0, 0, 0, 567
299460, 216, 247531391930, 191, 0, 0, 0, 0, 0, 0, 0, 0, 434
293259, 206, 247531380482, 191, 0, 0, 0, 0, 0, 0, 0, 0, 457
371718, 264, 247531365915, 191, 0, 0, 0, 0, 0, 0, 0, 0, 3626
345950, 248, 247531356361, 191, 0, 0, 0, 0, 0, 0, 0, 0, 429
322391, 231, 247531344933, 191, 0, 0, 0, 0, 0, 0, 0, 0, 483
305131, 215, 247531333444, 191, 0, 0, 0, 0, 0, 0, 0, 0, 513
372527, 267, 247531321864, 191, 0, 0, 0, 0, 0, 0, 0, 0, 630
372104, 259, 247531552002, 191, 0, 0, 0, 0, 0, 0, 0, 0, 437
379365, 275, 247531540393, 191, 0, 0, 0, 0, 0, 0, 0, 0, 627
364920, 258, 247531528995, 191, 0, 0, 0, 0, 0, 0, 0, 0, 440
335191, 236, 247531517456, 191, 0, 0, 0, 0, 0, 0, 0, 0, 550
317532, 227, 247531506090, 191, 0, 0, 0, 0, 0, 0, 0, 0, 430
324730, 223, 247531494654, 191, 0, 0, 0, 0, 0, 0, 0, 0, 472
300112, 210, 247531483262, 191, 0, 0, 0, 0, 0, 0, 0, 0, 435
289104, 205, 247531471829, 191, 0, 0, 0, 0, 0, 0, 0, 0, 486
281608, 197, 247531460412, 191, 0, 0, 0, 0, 0, 0, 0, 0, 578
287851, 204, 247531449072, 191, 0, 0, 0, 0, 0, 0, 0, 0, 553
302953, 209, 247531437761, 191, 0, 0, 0, 0, 0, 0, 0, 0, 467
413163, 291, 247531666718, 191, 0, 0, 0, 0, 0, 0, 0, 0, 455
277254, 207, 247531655188, 191, 0, 0, 0, 0, 0, 0, 0, 0, 572
375234, 270, 247531643853, 191, 0, 0, 0, 0, 0, 0, 0, 0, 410
398017, 288, 247531632365, 191, 0, 0, 0, 0, 0, 0, 0, 0, 489
396918, 289, 247531620908, 191, 0, 0, 0, 0, 0, 0, 0, 0, 463
381753, 276, 247531609531, 191, 0, 0, 0, 0, 0, 0, 0, 0, 415
374102, 271, 247531598165, 191, 0, 0, 0, 0, 0, 0, 0, 0, 400
396605, 283, 247531586718, 191, 0, 0, 0, 0, 0, 0, 0, 0, 458
396497, 279, 247531575320, 191, 0, 0, 0, 0, 0, 0, 0, 0, 428
290566, 207, 247531562330, 191, 0, 0, 0, 0, 0, 0, 0, 0, 2019
359552, 258, 247531792798, 191, 0, 0, 0, 0, 0, 0, 0, 0, 417
374539, 266, 247531781340, 191, 0, 0, 0, 0, 0, 0, 0, 0, 501
373188, 261, 247531769745, 191, 0, 0, 0, 0, 0, 0, 0, 0, 610
378016, 263, 247531758308, 191, 0, 0, 0, 0, 0, 0, 0, 0, 492
360805, 250, 247531746668, 191, 0, 0, 0, 0, 0, 0, 0, 0, 678
384304, 276, 247531735294, 191, 0, 0, 0, 0, 0, 0, 0, 0, 422
369522, 258, 247531723879, 191, 0, 0, 0, 0, 0, 0, 0, 0, 436
400378, 277, 247531712447, 191, 0, 0, 0, 0, 0, 0, 0, 0, 473
370245, 262, 247531700855, 191, 0, 0, 0, 0, 0, 0, 0, 0, 619
381262, 268, 247531689678, 191, 0, 0, 0, 0, 0, 0, 0, 0, 425
379346, 274, 247531678064, 191, 0, 0, 0, 0, 0, 0, 0, 0, 633
313648, 220, 247531918427, 191, 0, 0, 0, 0, 0, 0, 0, 0, 423
304974, 209, 247531906929, 191, 0, 0, 0, 0, 0, 0, 0, 0, 522
364294, 254, 247531895589, 191, 0, 0, 0, 0, 0, 0, 0, 0, 489
373146, 266, 247531884199, 191, 0, 0, 0, 0, 0, 0, 0, 0, 406
380670, 274, 247531872760, 191, 0, 0, 0, 0, 0, 0, 0, 0, 471
410436, 291, 247531861357, 191, 0, 0, 0, 0, 0, 0, 0, 0, 435
392895, 280, 247531849906, 191, 0, 0, 0, 0, 0, 0, 0, 0, 451
339693, 247, 247531838328, 191, 0, 0, 0, 0, 0, 0, 0, 0, 608
338996, 239, 247531827058, 191, 0, 0, 0, 0, 0, 0, 0, 0, 428
363778, 254, 247531815635, 191, 0, 0, 0, 0, 0, 0, 0, 0, 469
385723, 272, 247531804215, 191, 0, 0, 0, 0, 0, 0, 0, 0, 430
363688, 259, 247532044486, 191, 0, 0, 0, 0, 0, 0, 0, 0, 411
353456, 246, 247532032884, 191, 0, 0, 0, 0, 0, 0, 0, 0, 608
355436, 257, 247532021489, 191, 0, 0, 0, 0, 0, 0, 0, 0, 601
394750, 277, 247532010091, 191, 0, 0, 0, 0, 0, 0, 0, 0, 462
411701, 288, 247531998686, 191, 0, 0, 0, 0, 0, 0, 0, 0, 469
369924, 266, 247531987282, 191, 0, 0, 0, 0, 0, 0, 0, 0, 430
334021, 246, 247531975842, 191, 0, 0, 0, 0, 0, 0, 0, 0, 449
343385, 241, 247531964365, 191, 0, 0, 0, 0, 0, 0, 0, 0, 513
372803, 261, 247531952536, 191, 0, 0, 0, 0, 0, 0, 0, 0, 930
329893, 230, 247531941278, 191, 0, 0, 0, 0, 0, 0, 0, 0, 591
322320, 237, 247531929804, 191, 0, 0, 0, 0, 0, 0, 0, 0, 478
382099, 274, 247532158641, 191, 0, 0, 0, 0, 0, 0, 0, 0, 418
351347, 249, 247532147285, 191, 0, 0, 0, 0, 0, 0, 0, 0, 393
392450, 276, 247532135630, 191, 0, 0, 0, 0, 0, 0, 0, 0, 669
354392, 253, 247532124349, 191, 0, 0, 0, 0, 0, 0, 0, 0, 444
393729, 283, 247532112942, 191, 0, 0, 0, 0, 0, 0, 0, 0, 473
387994, 271, 247532101489, 191, 0, 0, 0, 0, 0, 0, 0, 0, 455
367815, 259, 247532090040, 191, 0, 0, 0, 0, 0, 0, 0, 0, 469
373060, 275, 247532078606, 191, 0, 0, 0, 0, 0, 0, 0, 0, 435
398693, 278, 247532067290, 191, 0, 0, 0, 0, 0, 0, 0, 0, 384
379717, 265, 247532055877, 191, 0, 0, 0, 0, 0, 0, 0, 0, 439
383285, 265, 247532284162, 191, 0, 0, 0, 0, 0, 0, 0, 0, 457
402606, 282, 247532272779, 191, 0, 0, 0, 0, 0, 0, 0, 0, 460
401160, 275, 247532261343, 191, 0, 0, 0, 0, 0, 0, 0, 0, 436
310382, 222, 247532249949, 191, 0, 0, 0, 0, 0, 0, 0, 0, 442
382866, 276, 247532238524, 191, 0, 0, 0, 0, 0, 0, 0, 0, 477
389235, 275, 247532227092, 191, 0, 0, 0, 0, 0, 0, 0, 0, 445
346536, 247, 247532215498, 191, 0, 0, 0, 0, 0, 0, 0, 0, 616
348234, 254, 247532204251, 191, 0, 0, 0, 0, 0, 0, 0, 0, 432
368714, 250, 247532192772, 191, 0, 0, 0, 0, 0, 0, 0, 0, 486
369222, 262, 247532181422, 191, 0, 0, 0, 0, 0, 0, 0, 0, 449
373163, 271, 247532169871, 191, 0, 0, 0, 0, 0, 0, 0, 0, 607
402156, 290, 247532409906, 191, 0, 0, 0, 0, 0, 0, 0, 0, 402
344863, 252, 247532398509, 191, 0, 0, 0, 0, 0, 0, 0, 0, 415
354387, 248, 247532387135, 191, 0, 0, 0, 0, 0, 0, 0, 0, 444
385332, 268, 247532375570, 191, 0, 0, 0, 0, 0, 0, 0, 0, 596
378071, 270, 247532364135, 191, 0, 0, 0, 0, 0, 0, 0, 0, 582
397522, 280, 247532352855, 191, 0, 0, 0, 0, 0, 0, 0, 0, 431
363326, 256, 247532341356, 191, 0, 0, 0, 0, 0, 0, 0, 0, 522
262848, 191, 247532329971, 191, 0, 0, 0, 0, 0, 0, 0, 0, 439
384000, 273, 247532318384, 191, 0, 0, 0, 0, 0, 0, 0, 0, 625
408708, 286, 247532306982, 191, 0, 0, 0, 0, 0, 0, 0, 0, 535
370826, 268, 247532295588, 191, 0, 0, 0, 0, 0, 0, 0, 0, 444
395176, 276, 247532536530, 191, 0, 0, 0, 0, 0, 0, 0, 0, 458
388218, 272, 247532524269, 191, 0, 0, 0, 0, 0, 0, 0, 0, 1272
360060, 254, 247532512981, 191, 0, 0, 0, 0, 0, 0, 0, 0, 610
388782, 279, 247532501514, 191, 0, 0, 0, 0, 0, 0, 0, 0, 626
390932, 279, 247532489923, 191, 0, 0, 0, 0, 0, 0, 0, 0, 628
397266, 282, 247532478553, 191, 0, 0, 0, 0, 0, 0, 0, 0, 462
384582, 270, 247532466987, 191, 0, 0, 0, 0, 0, 0, 0, 0, 591
360651, 254, 247532455666, 191, 0, 0, 0, 0, 0, 0, 0, 0, 434
366441, 269, 247532444284, 191, 0, 0, 0, 0, 0, 0, 0, 0, 438
339660, 229, 247532432659, 191, 0, 0, 0, 0, 0, 0, 0, 0, 662
324947, 233, 247532421280, 191, 0, 0, 0, 0, 0, 0, 0, 0, 434
369275, 269, 247532650630, 191, 0, 0, 0, 0, 0, 0, 0, 0, 576
386288, 270, 247532639346, 191, 0, 0, 0, 0, 0, 0, 0, 0, 486
380009, 263, 247532627963, 191, 0, 0, 0, 0, 0, 0, 0, 0, 400
282262, 203, 247532616595, 191, 0, 0, 0, 0, 0, 0, 0, 0, 370
389394, 279, 247532605183, 191, 0, 0, 0, 0, 0, 0, 0, 0, 443
378897, 270, 247532593796, 191, 0, 0, 0, 0, 0, 0, 0, 0, 438
362718, 253, 247532582449, 191, 0, 0, 0, 0, 0, 0, 0, 0, 403
387921, 275, 247532570886, 191, 0, 0, 0, 0, 0, 0, 0, 0, 599
346340, 243, 247532559479, 191, 0, 0, 0, 0, 0, 0, 0, 0, 424
366672, 258, 247532547971, 191, 0, 0, 0, 0, 0, 0, 0, 0, 562
403764, 282, 247532776324, 191, 0, 0, 0, 0, 0, 0, 0, 0, 456
406389, 277, 247532764951, 191, 0, 0, 0, 0, 0, 0, 0, 0, 441
375691, 267, 247532753610, 191, 0, 0, 0, 0, 0, 0, 0, 0, 382
395458, 276, 247532742180, 191, 0, 0, 0, 0, 0, 0, 0, 0, 432
343327, 244, 247532730803, 191, 0, 0, 0, 0, 0, 0, 0, 0, 433
355778, 239, 247532719440, 191, 0, 0, 0, 0, 0, 0, 0, 0, 425
381177, 266, 247532707885, 191, 0, 0, 0, 0, 0, 0, 0, 0, 610
346318, 251, 247532696433, 191, 0, 0, 0, 0, 0, 0, 0, 0, 570
370006, 262, 247532685021, 191, 0, 0, 0, 0, 0, 0, 0, 0, 617
360317, 250, 247532673506, 191, 0, 0, 0, 0, 0, 0, 0, 0, 623
414155, 285, 247532662165, 191, 0, 0, 0, 0, 0, 0, 0, 0, 440
341108, 238, 247532901960, 191, 0, 0, 0, 0, 0, 0, 0, 0, 929
359839, 249, 247532890605, 191, 0, 0, 0, 0, 0, 0, 0, 0, 454
396703, 279, 247532878996, 191, 0, 0, 0, 0, 0, 0, 0, 0, 667
402019, 287, 247532867540, 191, 0, 0, 0, 0, 0, 0, 0, 0, 606
390818, 273, 247532856312, 191, 0, 0, 0, 0, 0, 0, 0, 0, 397
377403, 266, 247532844922, 191, 0, 0, 0, 0, 0, 0, 0, 0, 417
415403, 297, 247532833500, 191, 0, 0, 0, 0, 0, 0, 0, 0, 462
365311, 255, 247532822049, 191, 0, 0, 0, 0, 0, 0, 0, 0, 521
384466, 263, 247532810606, 191, 0, 0, 0, 0, 0, 0, 0, 0, 509
368561, 256, 247532799172, 191, 0, 0, 0, 0, 0, 0, 0, 0, 531
415535, 293, 247532787741, 191, 0, 0, 0, 0, 0, 0, 0, 0, 477
392218, 270, 247533028272, 191, 0, 0, 0, 0, 0, 0, 0, 0, 647
371713, 268, 247533016908, 191, 0, 0, 0, 0, 0, 0, 0, 0, 596
404528, 277, 247533005715, 191, 0, 0, 0, 0, 0, 0, 0, 0, 392
370355, 255, 247532994239, 191, 0, 0, 0, 0, 0, 0, 0, 0, 494
366458, 249, 247532982024, 191, 0, 0, 0, 0, 0, 0, 0, 0, 1282
348989, 253, 247532970663, 191, 0, 0, 0, 0, 0, 0, 0, 0, 601
379758, 260, 247532959463, 191, 0, 0, 0, 0, 0, 0, 0, 0, 428
214170, 154, 247532948049, 191, 0, 0, 0, 0, 0, 0, 0, 0, 427
288288, 200, 247532936720, 191, 0, 0, 0, 0, 0, 0, 0, 0, 369
261462, 186, 247532925373, 191, 0, 0, 0, 0, 0, 0, 0, 0, 375
288361, 211, 247532913765, 191, 0, 0, 0, 0, 0, 0, 0, 0, 613
401326, 276, 247533143127, 191, 0, 0, 0, 0, 0, 0, 0, 0, 466
386039, 271, 247533131722, 191, 0, 0, 0, 0, 0, 0, 0, 0, 473
390165, 277, 247533120366, 191, 0, 0, 0, 0, 0, 0, 0, 0, 400
384570, 278, 247533108514, 191, 0, 0, 0, 0, 0, 0, 0, 0, 881
392770, 275, 247533097127, 191, 0, 0, 0, 0, 0, 0, 0, 0, 408
379270, 267, 247533085665, 191, 0, 0, 0, 0, 0, 0, 0, 0, 482
372393, 261, 247533074272, 191, 0, 0, 0, 0, 0, 0, 0, 0, 437
405707, 288, 247533062728, 191, 0, 0, 0, 0, 0, 0, 0, 0, 603
405426, 286, 247533051338, 191, 0, 0, 0, 0, 0, 0, 0, 0, 471
353460, 255, 247533039913, 191, 0, 0, 0, 0, 0, 0, 0, 0, 442
377593, 265, 247533268693, 191, 0, 0, 0, 0, 0, 0, 0, 0, 613
389627, 275, 247533257200, 191, 0, 0, 0, 0, 0, 0, 0, 0, 507
378245, 263, 247533245911, 191, 0, 0, 0, 0, 0, 0, 0, 0, 426
366103, 261, 247533234396, 191, 0, 0, 0, 0, 0, 0, 0, 0, 558
385031, 264, 247533223072, 191, 0, 0, 0, 0, 0, 0, 0, 0, 422
397878, 284, 247533211467, 191, 0, 0, 0, 0, 0, 0, 0, 0, 618
419186, 293, 247533200072, 191, 0, 0, 0, 0, 0, 0, 0, 0, 613
418926, 298, 247533188738, 191, 0, 0, 0, 0, 0, 0, 0, 0, 566
406337, 290, 247533177404, 191, 0, 0, 0, 0, 0, 0, 0, 0, 467
391990, 282, 247533166008, 191, 0, 0, 0, 0, 0, 0, 0, 0, 400
390049, 273, 247533154589, 191, 0, 0, 0, 0, 0, 0, 0, 0, 442
345360, 245, 247533394852, 191, 0, 0, 0, 0, 0, 0, 0, 0, 624
389341, 276, 247533383273, 191, 0, 0, 0, 0, 0, 0, 0, 0, 727
365992, 268, 247533371829, 191, 0, 0, 0, 0, 0, 0, 0, 0, 450
372591, 258, 247533360454, 191, 0, 0, 0, 0, 0, 0, 0, 0, 455
386756, 272, 247533348878, 191, 0, 0, 0, 0, 0, 0, 0, 0, 617
317335, 218, 247533336205, 191, 0, 0, 0, 0, 0, 0, 0, 0, 1757
366170, 253, 247533325982, 191, 0, 0, 0, 0, 0, 0, 0, 0, 458
406996, 288, 247533314581, 191, 0, 0, 0, 0, 0, 0, 0, 0, 446
400905, 275, 247533303035, 191, 0, 0, 0, 0, 0, 0, 0, 0, 551
369438, 267, 247533291509, 191, 0, 0, 0, 0, 0, 0, 0, 0, 618
390088, 275, 247533280290, 191, 0, 0, 0, 0, 0, 0, 0, 0, 389
386233, 270, 247533509624, 191, 0, 0, 0, 0, 0, 0, 0, 0, 427
385214, 263, 247533498204, 191, 0, 0, 0, 0, 0, 0, 0, 0, 447
390068, 271, 247533486642, 191, 0, 0, 0, 0, 0, 0, 0, 0, 572
419129, 301, 247533475302, 191, 0, 0, 0, 0, 0, 0, 0, 0, 444
388851, 275, 247533463825, 191, 0, 0, 0, 0, 0, 0, 0, 0, 509
400235, 287, 247533452355, 191, 0, 0, 0, 0, 0, 0, 0, 0, 481
382606, 272, 247533440117, 191, 0, 0, 0, 0, 0, 0, 0, 0, 1254
360976, 250, 247533429422, 191, 0, 0, 0, 0, 0, 0, 0, 0, 449
395315, 287, 247533417732, 191, 0, 0, 0, 0, 0, 0, 0, 0, 721
406607, 283, 247533406257, 191, 0, 0, 0, 0, 0, 0, 0, 0, 644
393854, 275, 247533635647, 191, 0, 0, 0, 0, 0, 0, 0, 0, 614
409598, 281, 247533624324, 191, 0, 0, 0, 0, 0, 0, 0, 0, 425
407607, 284, 247533612668, 191, 0, 0, 0, 0, 0, 0, 0, 0, 656
401697, 285, 247533601464, 191, 0, 0, 0, 0, 0, 0, 0, 0, 415
426966, 304, 247533590030, 191, 0, 0, 0, 0, 0, 0, 0, 0, 467
419559, 290, 247533578534, 191, 0, 0, 0, 0, 0, 0, 0, 0, 514
393204, 276, 247533567046, 191, 0, 0, 0, 0, 0, 0, 0, 0, 496
403393, 278, 247533555594, 191, 0, 0, 0, 0, 0, 0, 0, 0, 473
393950, 278, 247533544021, 191, 0, 0, 0, 0, 0, 0, 0, 0, 619
409747, 293, 247533532490, 191, 0, 0, 0, 0, 0, 0, 0, 0, 619
358382, 250, 247533520923, 191, 0, 0, 0, 0, 0, 0, 0, 0, 617
361413, 257, 247533761959, 191, 0, 0, 0, 0, 0, 0, 0, 0, 611
417715, 298, 247533750360, 191, 0, 0, 0, 0, 0, 0, 0, 0, 611
400414, 281, 247533739026, 191, 0, 0, 0, 0, 0, 0, 0, 0, 419
402255, 286, 247533727384, 191, 0, 0, 0, 0, 0, 0, 0, 0, 647
364406, 255, 247533715922, 191, 0, 0, 0, 0, 0, 0, 0, 0, 584
414715, 287, 247533704575, 191, 0, 0, 0, 0, 0, 0, 0, 0, 458
385966, 273, 247533693154, 191, 0, 0, 0, 0, 0, 0, 0, 0, 471
408539, 284, 247533681546, 191, 0, 0, 0, 0, 0, 0, 0, 0, 624
393810, 277, 247533670086, 191, 0, 0, 0, 0, 0, 0, 0, 0, 463
398770, 277, 247533658693, 191, 0, 0, 0, 0, 0, 0, 0, 0, 439
392416, 270, 247533647261, 191, 0, 0, 0, 0, 0, 0, 0, 0, 463
398890, 281, 247533876785, 191, 0, 0, 0, 0, 0, 0, 0, 0, 504
398784, 274, 247533865191, 191, 0, 0, 0, 0, 0, 0, 0, 0, 626
408449, 285, 247533853823, 191, 0, 0, 0, 0, 0, 0, 0, 0, 453
405599, 284, 247533842385, 191, 0, 0, 0, 0, 0, 0, 0, 0, 460
374866, 265, 247533830994, 191, 0, 0, 0, 0, 0, 0, 0, 0, 426
387191, 276, 247533819569, 191, 0, 0, 0, 0, 0, 0, 0, 0, 458
410055, 286, 247533808204, 191, 0, 0, 0, 0, 0, 0, 0, 0, 420
408585, 285, 247533796746, 191, 0, 0, 0, 0, 0, 0, 0, 0, 461
364819, 260, 247533785343, 191, 0, 0, 0, 0, 0, 0, 0, 0, 427
362081, 251, 247533773133, 191, 0, 0, 0, 0, 0, 0, 0, 0, 1269
401646, 279, 247534002697, 191, 0, 0, 0, 0, 0, 0, 0, 0, 1238
373381, 261, 247533991420, 191, 0, 0, 0, 0, 0, 0, 0, 0, 434
392832, 286, 247533979857, 191, 0, 0, 0, 0, 0, 0, 0, 0, 609
389577, 284, 247533968409, 191, 0, 0, 0, 0, 0, 0, 0, 0, 632
376091, 264, 247533957124, 191, 0, 0, 0, 0, 0, 0, 0, 0, 452
336516, 230, 247533945676, 191, 0, 0, 0, 0, 0, 0, 0, 0, 450
351419, 246, 247533934299, 191, 0, 0, 0, 0, 0, 0, 0, 0, 426
360060, 251, 247533922854, 191, 0, 0, 0, 0, 0, 0, 0, 0, 475
293571, 210, 247533911098, 191, 0, 0, 0, 0, 0, 0, 0, 0, 766
317313, 221, 247533899709, 191, 0, 0, 0, 0, 0, 0, 0, 0, 450
376082, 256, 247533888207, 191, 0, 0, 0, 0, 0, 0, 0, 0, 517
376801, 261, 247534129726, 191, 0, 0, 0, 0, 0, 0, 0, 0, 449
365017, 258, 247534118181, 191, 0, 0, 0, 0, 0, 0, 0, 0, 576
377033, 268, 247534106920, 191, 0, 0, 0, 0, 0, 0, 0, 0, 449
362944, 250, 247534095124, 191, 0, 0, 0, 0, 0, 0, 0, 0, 834
391647, 278, 247534084041, 191, 0, 0, 0, 0, 0, 0, 0, 0, 462
388220, 274, 247534072680, 191, 0, 0, 0, 0, 0, 0, 0, 0, 437
390554, 270, 247534061208, 191, 0, 0, 0, 0, 0, 0, 0, 0, 522
345145, 243, 247534049896, 191, 0, 0, 0, 0, 0, 0, 0, 0, 441
390503, 275, 247534038484, 191, 0, 0, 0, 0, 0, 0, 0, 0, 453
373275, 263, 247534027054, 191, 0, 0, 0, 0, 0, 0, 0, 0, 442
393762, 277, 247534014834, 191, 0, 0, 0, 0, 0, 0, 0, 0, 1243
379477, 266, 247534243975, 191, 0, 0, 0, 0, 0, 0, 0, 0, 423
387492, 267, 247534232571, 191, 0, 0, 0, 0, 0, 0, 0, 0, 425
399693, 281, 247534221176, 191, 0, 0, 0, 0, 0, 0, 0, 0, 419
386814, 270, 247534209770, 191, 0, 0, 0, 0, 0, 0, 0, 0, 425
398614, 273, 247534198353, 191, 0, 0, 0, 0, 0, 0, 0, 0, 421
389196, 273, 247534186875, 191, 0, 0, 0, 0, 0, 0, 0, 0, 479
352668, 248, 247534175279, 191, 0, 0, 0, 0, 0, 0, 0, 0, 613
366865, 252, 247534163953, 191, 0, 0, 0, 0, 0, 0, 0, 0, 485
398120, 277, 247534152588, 191, 0, 0, 0, 0, 0, 0, 0, 0, 398
415399, 295, 247534141164, 191, 0, 0, 0, 0, 0, 0, 0, 0, 451
394792, 275, 247534369764, 191, 0, 0, 0, 0, 0, 0, 0, 0, 442
377779, 265, 247534358202, 191, 0, 0, 0, 0, 0, 0, 0, 0, 575
332338, 236, 247534346858, 191, 0, 0, 0, 0, 0, 0, 0, 0, 570
253611, 179, 247534335429, 191, 0, 0, 0, 0, 0, 0, 0, 0, 498
397742, 286, 247534324036, 191, 0, 0, 0, 0, 0, 0, 0, 0, 451
381707, 260, 247534312235, 191, 0, 0, 0, 0, 0, 0, 0, 0, 853
364717, 262, 247534300935, 191, 0, 0, 0, 0, 0, 0, 0, 0, 484
403533, 278, 247534289545, 191, 0, 0, 0, 0, 0, 0, 0, 0, 449
389392, 276, 247534278005, 191, 0, 0, 0, 0, 0, 0, 0, 0, 577
397608, 276, 247534266783, 191, 0, 0, 0, 0, 0, 0, 0, 0, 412
402672, 271, 247534255390, 191, 0, 0, 0, 0, 0, 0, 0, 0, 394
396294, 284, 247534495357, 191, 0, 0, 0, 0, 0, 0, 0, 0, 435
380775, 269, 247534483742, 191, 0, 0, 0, 0, 0, 0, 0, 0, 622
338578, 239, 247534472496, 191, 0, 0, 0, 0, 0, 0, 0, 0, 483
384791, 263, 247534461122, 191, 0, 0, 0, 0, 0, 0, 0, 0, 407
371212, 269, 247534449626, 191, 0, 0, 0, 0, 0, 0, 0, 0, 523
373463, 250, 247534438272, 191, 0, 0, 0, 0, 0, 0, 0, 0, 457
354185, 245, 247534426752, 191, 0, 0, 0, 0, 0, 0, 0, 0, 598
399152, 282, 247534415389, 191, 0, 0, 0, 0, 0, 0, 0, 0, 462
374398, 265, 247534403940, 191, 0, 0, 0, 0, 0, 0, 0, 0, 464
348394, 244, 247534392582, 191, 0, 0, 0, 0, 0, 0, 0, 0, 445
348931, 249, 247534381138, 191, 0, 0, 0, 0, 0, 0, 0, 0, 459
331225, 231, 247534609576, 191, 0, 0, 0, 0, 0, 0, 0, 0, 424
359615, 251, 247534598173, 191, 0, 0, 0, 0, 0, 0, 0, 0, 429
385824, 273, 247534586753, 191, 0, 0, 0, 0, 0, 0, 0, 0, 485
352161, 248, 247534575315, 191, 0, 0, 0, 0, 0, 0, 0, 0, 480
325668, 233, 247534563778, 191, 0, 0, 0, 0, 0, 0, 0, 0, 576
381141, 266, 247534552429, 191, 0, 0, 0, 0, 0, 0, 0, 0, 421
378928, 266, 247534540986, 191, 0, 0, 0, 0, 0, 0, 0, 0, 472
385955, 279, 247534529570, 191, 0, 0, 0, 0, 0, 0, 0, 0, 423
380084, 268, 247534518175, 191, 0, 0, 0, 0, 0, 0, 0, 0, 418
363679, 246, 247534506629, 191, 0, 0, 0, 0, 0, 0, 0, 0, 606
379382, 270, 247534735058, 191, 0, 0, 0, 0, 0, 0, 0, 0, 646
403164, 276, 247534723485, 191, 0, 0, 0, 0, 0, 0, 0, 0, 606
379840, 272, 247534712185, 191, 0, 0, 0, 0, 0, 0, 0, 0, 434
305976, 219, 247534700779, 191, 0, 0, 0, 0, 0, 0, 0, 0, 412
419346, 288, 247534689304, 191, 0, 0, 0, 0, 0, 0, 0, 0, 495
399873, 292, 247534677889, 191, 0, 0, 0, 0, 0, 0, 0, 0, 448
341308, 245, 247534666495, 191, 0, 0, 0, 0, 0, 0, 0, 0, 459
390287, 276, 247534655094, 191, 0, 0, 0, 0, 0, 0, 0, 0, 479
369063, 264, 247534643768, 191, 0, 0, 0, 0, 0, 0, 0, 0, 358
371327, 255, 247534632305, 191, 0, 0, 0, 0, 0, 0, 0, 0, 471
167573, 121, 247534620980, 191, 0, 0, 0, 0, 0, 0, 0, 0, 352
406107, 285, 247534861166, 191, 0, 0, 0, 0, 0, 0, 0, 0, 621
343596, 249, 247534849601, 191, 0, 0, 0, 0, 0, 0, 0, 0, 603
400386, 276, 247534838254, 191, 0, 0, 0, 0, 0, 0, 0, 0, 408
398913, 279, 247534826842, 191, 0, 0, 0, 0, 0, 0, 0, 0, 420
387267, 273, 247534815229, 191, 0, 0, 0, 0, 0, 0, 0, 0, 626
417407, 292, 247534803772, 191, 0, 0, 0, 0, 0, 0, 0, 0, 469
401609, 277, 247534792361, 191, 0, 0, 0, 0, 0, 0, 0, 0, 450
402978, 282, 247534780980, 191, 0, 0, 0, 0, 0, 0, 0, 0, 443
422806, 291, 247534769534, 191, 0, 0, 0, 0, 0, 0, 0, 0, 445
391707, 281, 247534757889, 191, 0, 0, 0, 0, 0, 0, 0, 0, 670
391320, 270, 247534746694, 191, 0, 0, 0, 0, 0, 0, 0, 0, 432
389312, 284, 247534987282, 191, 0, 0, 0, 0, 0, 0, 0, 0, 604
393102, 282, 247534975877, 191, 0, 0, 0, 0, 0, 0, 0, 0, 420
354868, 250, 247534964282, 191, 0, 0, 0, 0, 0, 0, 0, 0, 606
391504, 274, 247534952742, 191, 0, 0, 0, 0, 0, 0, 0, 0, 647
347508, 245, 247534941128, 191, 0, 0, 0, 0, 0, 0, 0, 0, 847
330062, 240, 247534929554, 191, 0, 0, 0, 0, 0, 0, 0, 0, 585
356243, 245, 247534918337, 191, 0, 0, 0, 0, 0, 0, 0, 0, 439
325002, 229, 247534906870, 191, 0, 0, 0, 0, 0, 0, 0, 0, 473
357349, 256, 247534895462, 191, 0, 0, 0, 0, 0, 0, 0, 0, 453
404193, 284, 247534884142, 191, 0, 0, 0, 0, 0, 0, 0, 0, 423
390868, 271, 247534872751, 191, 0, 0, 0, 0, 0, 0, 0, 0, 443
380087, 275, 247535101818, 191, 0, 0, 0, 0, 0, 0, 0, 0, 447
372176, 264, 247535090395, 191, 0, 0, 0, 0, 0, 0, 0, 0, 488
417414, 302, 247535078809, 191, 0, 0, 0, 0, 0, 0, 0, 0, 598
389638, 266, 247535067558, 191, 0, 0, 0, 0, 0, 0, 0, 0, 442
391179, 274, 247535056151, 191, 0, 0, 0, 0, 0, 0, 0, 0, 472
352985, 256, 247535044772, 191, 0, 0, 0, 0, 0, 0, 0, 0, 408
381502, 266, 247535033135, 191, 0, 0, 0, 0, 0, 0, 0, 0, 649
405316, 279, 247535021855, 191, 0, 0, 0, 0, 0, 0, 0, 0, 441
393953, 279, 247535010264, 191, 0, 0, 0, 0, 0, 0, 0, 0, 612
368712, 258, 247534998825, 191, 0, 0, 0, 0, 0, 0, 0, 0, 440
409743, 290, 247535227341, 191, 0, 0, 0, 0, 0, 0, 0, 0, 2047
383311, 265, 247535216178, 191, 0, 0, 0, 0, 0, 0, 0, 0, 600
375586, 266, 247535204653, 191, 0, 0, 0, 0, 0, 0, 0, 0, 595
421456, 290, 247535193271, 191, 0, 0, 0, 0, 0, 0, 0, 0, 447
389776, 271, 247535181878, 191, 0, 0, 0, 0, 0, 0, 0, 0, 452
389242, 275, 247535170325, 191, 0, 0, 0, 0, 0, 0, 0, 0, 609
398121, 277, 247535159089, 191, 0, 0, 0, 0, 0, 0, 0, 0, 403
393018, 280, 247535147693, 191, 0, 0, 0, 0, 0, 0, 0, 0, 400
384088, 275, 247535136060, 191, 0, 0, 0, 0, 0, 0, 0, 0, 640
379701, 262, 247535124626, 191, 0, 0, 0, 0, 0, 0, 0, 0, 439
376472, 259, 247535113228, 191, 0, 0, 0, 0, 0, 0, 0, 0, 431
384331, 266, 247535343421, 191, 0, 0, 0, 0, 0, 0, 0, 0, 620
277297, 196, 247535332002, 191, 0, 0, 0, 0, 0, 0, 0, 0, 423
405383, 297, 247535320382, 191, 0, 0, 0, 0, 0, 0, 0, 0, 625
398343, 280, 247535308925, 191, 0, 0, 0, 0, 0, 0, 0, 0, 466
389452, 271, 247535297541, 191, 0, 0, 0, 0, 0, 0, 0, 0, 410
412476, 287, 247535286106, 191, 0, 0, 0, 0, 0, 0, 0, 0, 453
411892, 289, 247535274706, 191, 0, 0, 0, 0, 0, 0, 0, 0, 461
385064, 271, 247535263118, 191, 0, 0, 0, 0, 0, 0, 0, 0, 619
332394, 237, 247535251775, 191, 0, 0, 0, 0, 0, 0, 0, 0, 414
401838, 282, 247535240153, 191, 0, 0, 0, 0, 0, 0, 0, 0, 641
400892, 291, 247535469054, 191, 0, 0, 0, 0, 0, 0, 0, 0, 434
393718, 280, 247535457649, 191, 0, 0, 0, 0, 0, 0, 0, 0, 437
357406, 250, 247535446111, 191, 0, 0, 0, 0, 0, 0, 0, 0, 575
380874, 266, 247535434856, 191, 0, 0, 0, 0, 0, 0, 0, 0, 391
366555, 258, 247535423357, 191, 0, 0, 0, 0, 0, 0, 0, 0, 505
386449, 275, 247535411975, 191, 0, 0, 0, 0, 0, 0, 0, 0, 399
379275, 278, 247535400545, 191, 0, 0, 0, 0, 0, 0, 0, 0, 447
394068, 271, 247535389145, 191, 0, 0, 0, 0, 0, 0, 0, 0, 443
334883, 239, 247535377770, 191, 0, 0, 0, 0, 0, 0, 0, 0, 400
352321, 243, 247535366336, 191, 0, 0, 0, 0, 0, 0, 0, 0, 474
394769, 277, 247535355027, 191, 0, 0, 0, 0, 0, 0, 0, 0, 415
40830, 29, 247535562421, 191, 0, 0, 0, 0, 0, 0, 0, 0, 355
406147, 283, 247535560581, 191, 0, 0, 0, 0, 0, 0, 0, 0, 406
399469, 278, 247535549113, 191, 0, 0, 0, 0, 0, 0, 0, 0, 470
355001, 250, 247535537706, 191, 0, 0, 0, 0, 0, 0, 0, 0, 420
383436, 274, 247535526273, 191, 0, 0, 0, 0, 0, 0, 0, 0, 456
404380, 285, 247535514922, 191, 0, 0, 0, 0, 0, 0, 0, 0, 429
354396, 245, 247535503337, 191, 0, 0, 0, 0, 0, 0, 0, 0, 601
373641, 264, 247535491887, 191, 0, 0, 0, 0, 0, 0, 0, 0, 496
391669, 278, 247535480307, 191, 0, 0, 0, 0, 0, 0, 0, 0, 604
